Chemical Name,Human Metabolome Database
Riboflavin  vit B2 ,No result
N-alpha-Acetyl-L-lysine,No result
Taurine,HMDB0000251
N1 N12-Diacetylspermine,No result
Suberic acid,No result
Deoxycholic acid,HMDB0000626
Hypoxanthine,HMDB0000157
3-Methylglutaric acid,HMDB0000752
Adipic acid,HMDB0000448
Tryptophan,HMDB0000929
4-Hydroxybenzoic acid,HMDB0000500
2-Methylglutaric acid,HMDB0000422
1-Methyladenosine,No result
Phenylalanine,HMDB0000159
Succinic acid,HMDB0000254
N-acetylglutamic acid,HMDB0001138
Glutaric acid,HMDB0000661
Glycodeoxycholic acid,No result
Azelaic Acid,HMDB0000784
N-a-Acetyl-L-arginine,HMDB0004620
N-Isovaleroylglycine,HMDB0000678
Dehydroepiandrosterone Sulfate,HMDB0001032
1 7-Dimethyluric acid,No result
Glycoursodeoxycholic acid,HMDB0000708
1 3 7-Trimethyluric acid,No result
Symmetric   Asymmetric Dimethylarginine,No result
3 5-Dihydroxybenzoic acid,No result
Leucylvaline,HMDB0028942
Methylsuccinic acid,HMDB0001844
N-Acetyltyrosine,No result
23-Norcholic acid,No result
Isobutyrylglycine,HMDB0000730
Gallic acid,HMDB0005807
Leucine,HMDB0000687
Xanthurenic acid,HMDB0000881
Tartric acid,HMDB0000956
2-Hydroxyisobutyric acid,HMDB0000729
3-hydroxyisobutyric acid,HMDB0062640
7-Methylxanthine,HMDB0001991
N-Acetylisoputreanine-gamma-lactam,HMDB0061384
N-Acetyltryptophan,HMDB0013713
2 5-Dihydroxybenzoic acid,No result
Urocanic acid,No result
Caffeine,HMDB0001847
p-Hydroxymandelic acid,HMDB0000822
Niacinamide,HMDB0001406
Phenylethylamine,HMDB0012275
Orotic acid,HMDB0000226
N-Acetylglutamine,No result
N6 N6 N6-Trimethyl-L-lysine,No result
Thiamine,HMDB0000235
2 6-Dihydroxybenzoic acid,No result
Glycylproline,HMDB0000721
Glutamine,HMDB0000641
Tyrosine,HMDB0000158
3-Hydroxy-3-methylglutaric acid,HMDB0000355
